ID,Type,Name,Latitude,Longitude,addr:city,addr:country,addr:county,addr:floor,addr:housename,addr:housenumber,addr:place,addr:postcode,addr:street,addr:suburb,addr:village,alt_name,amenity,barrier,beds,building,building:colour,building:levels,building:material,check_date,contact:email,contact:facebook,contact:phone,contact:website,description,email,emergency,fax,fee,fhrs:authority,fhrs:confidence_management,fhrs:hygiene,fhrs:id,fhrs:inspectiondate,fhrs:local_authority_id,fhrs:rating,fhrs:structural,fixme,gnis:feature_id,healthcare,healthcare:for,healthcare:speciality,historic:operator,image,internet_access,internet_access:fee,internet_access:ssid,landuse,level,loc_name,long_name,mobile,name:ar,name:en,name:fr,name:uk,nohousenumber,not:addr:postcode,note,number,official_name,old_name,opening_hours,operator,operator:type,operator:website,operator:wikidata,payment:cash,payment:credit_cards,payment:debit_cards,phone,public,ref:GB:cqc_location,ref:GB:nhs_ods,ref:GB:uprn,reg_name,roof:colour,roof:levels,roof:shape,short_name,source,source:addr,source:addr:postcode,source:postcode,start_date,toilets:wheelchair,type,urgent_care,was:name,was:wikidata,was:wikipedia,website,wheelchair,wikidata,wikimedia_commons,wikipedia
254005151,node,Priory Hospital,51.6320636,-0.1183042,London,,,,Grovelands House,,,N14 6RA,The Bourne,,,,hospital,,,,,,,,,,,,,,,,,,,,,,,,,,,hospital,,,,,,,,,,,,,,,,,,,,,,,,,,,,,,,,,,,,,,,,,,,,,,,,,,,,,,,,
289563831,node,Bridge Lane Health Centre,51.4732684,-0.1663173,,,,,,,,,,,,,hospital,,,,,,,,,,,,,,,,,,,,,,,,,,,hospital,,,,,,,,,,,,,,,,,,,,,,,,,,,,,,,+44 20 3538 0882,yes,,,,,,,,,,,,,,,,,,,,https://bridgelanegp.co.uk/,,,,
296563324,node,British Home & Hospital for Incurables,51.423089,-0.1070682,London,GB,,,,,,SW16 3JB,Crown Lane,,,,hospital,,,,,,,,,,,,,,,,,,,,,,,,,,,hospital,,,,,,,,,,,,,,,,,,,,,,,,,,,,,,,,,,,,,,,,,,,,,,,,,,,,,,,,
444635673,node,Chelsfield Park Hospital,51.3582569,0.1316749,Orpington,GB,Kent,,,,Chelsfield,BR6 7RG,Bucks Cross Road,,,,hospital,,,,,,,,,,+44 1689 877855,https://www.bmihealthcare.co.uk/hospitals/bmi-chelsfield-park-hospital,,,,,,,,,357692,,,,,,,,,,,,,,,,,,,,,,,,,,,,,,,BMI Healthcare,,,,,,,,,,,,,,,,,,,,,,,,,,,,,,,,
637882835,node,Sloane Hospital,51.4082042,-0.0045395,Beckenham,,,,Sloane Hospital,125,,BR3 5HS,Albermarle Road,,,,hospital,,,,,,,,,,,,"private hospital, specialists/consultants, MRI scans, x-rays",,,,,,,,,,,,,,,hospital,,,,,,,,,,,,,,,,,,,,,,,Mo-Su 08:00-21:30,,,,,,,,+44 20 8466 6911,,,,,,,,,,,,,,,,,,,,,https://www.bmihealthcare.co.uk/sloane,,,,
1131534975,node,Queen Mary's Childrens' Hospital,51.3797984,-0.1848418,Carshalton,,,,,,,SM5 1AA,Wrythe Lane,,,,hospital,,,,,,,,,,,,,est-tr.PALS@nhs.net,,+44 20 8641 4546,,,,,,,,,,,,hospital,,,,,,,,,,,,,,,,,,,,,,,,,,,,,,,+44 20 8296 2000,,,,,,,,,,,,,,,,,,,,,https://www.epsom-sthelier.nhs.uk/,,,,
1971677516,node,Chapel Orchard Day Surgery,51.4020487,-0.1715368,,,,,,,,,,,,,hospital,,,,,,,,,,,,,,,,,,,,,,,,,,,hospital,,,,,,,,,,,,,,,,,,,,,,,,,,,,,,,,,,,,,,,,,,,,,,,,,,,,,,,,
2778453137,node,The Portland Hospital,51.5224709,-0.1435858,London,,,,,212,,,Great Portland Street,,,,hospital,,,,,,,2026-01-27,,,,,,,,,,,,,,,,,,,,hospital,,gynaecology,,,,,,,,,,,,,,,,,,,,,,,,,,,,,,,,,,,,,,,survey,,,,,,,,,,,,,,,
6295862569,node,North London Hospice Winchmore Hill,51.6249907,-0.0925094,,,,,,,,,,,,,hospital,,,,,,,,,,,,,,,,,,,,,,,,,,,hospital,,,,,,,,,,,,,,,,,,,,,,,,,,,,,,,,,,,,,,,,,,,,,,,,,,,,,,,,
10995777570,node,Sexual Health Clinic,51.3911811,-0.1123103,,,,,,,,,,,,,hospital,,,,,,,,,,,,,,,,,,,,,,,,,,,hospital,,,,,,,,,,,,,,,,,,,,,,,,Croydon University Hospital,,,,,,,,,,,,,,,,,,,,,,,,,,,,,,,,
10995777571,node,Macmillan Cancer Support Centres,51.3895435,-0.1115896,,,,,,,,,,,,,hospital,,,,,,,,,,,,,,,,,,,,,,,,,,,hospital,,,,,,,,,,,,,,,,,,,,,,,,Croydon University Hospital,,,,,,,,,,,,,,,,,,,,,,,,,,,,,,,,
10995801768,node,Main Reception,51.3892531,-0.1111571,,,,,,,,,,,,,hospital,,,,,,,,,,,,,,,,,,,,,,,,,,,hospital,,,,,,,,,,,,,,,,,,,,,,,,Croydon University Hospital,,,,,,,,,,,,,,,,,,,,,,,,,,,,,yes,,,
10995804162,node,Patient Advice and Liaison Service (PALS),51.388644,-0.108499,,,,,,,,,,,,,hospital,,,,,,,,,,,,,,,,,,,,,,,,,,,hospital,,,,,,,,,,,,,,,,,,,,,,,,Croydon University Hospital,,,,,,,,,,,,,,,,,,,,,,,,,,,,,,,,
10995804163,node,Maternity Reception,51.3912926,-0.1110591,,,,,,,,,,,,,hospital,,,,,,,,,,,,,,,,,,,,,,,,,,,hospital,,,,,,,,,,,,,,,,,,,,,,,,Croydon University Hospital,,,,,,,,,,,,,,,,,,,,,,,,,,,,,yes,,,
10995804164,node,Fertility Treatment,51.3911477,-0.1102788,,,,,,,,,,,,,hospital,,,,,,,,,,,,,,,,,,,,,,,,,,,hospital,,,,,,,,,,,,,,,,,,,,,,,,,,,,,,,,,,,,,,,,,,,,,,,,,,,,,,,,
10995804171,node,Gynaecology Department,51.3905149,-0.1093613,,,,,,,,,,,,,hospital,,,,,,,,,,,,,,,,,,,,,,,,,,,hospital,,,,,,,,,,,,,,,,,,,,,,,,Croydon University Hospital,,,,,,,,,,,,,,,,,,,,,,,,,,,,,,,,
10995804179,node,Women's Health Unit,51.3909333,-0.1110648,,,,,,,,,,,,,hospital,,,,,,,,,,,,,,,,,,,,,,,,,,,hospital,,,,,,,,,,,,,,,,,,,,,,,,Croydon University Hospital,,,,,,,,,,,,,,,,,,,,,,,,,,,,,,,,
10995804180,node,Croydon Heart Centre,51.3887004,-0.11113,,,,,,,,,,,,,hospital,,,,,,,,,,,,,,,,,,,,,,,,,,,hospital,,,,,,,,,,,,,,,,,,,,,,,,,,,,,,,,,,,,,,,,,,,,,,,,,,,,,,,,
10995804184,node,Dental Department,51.3902698,-0.1097438,,,,,,,,,,,,,hospital,,,,,,,,,,,,,,,,,,,,,,,,,,,hospital,,,,,,,,,,,,,,,,,,,,,,,,Croydon University Hospital,,,,,,,,,,,,,,,,,,,,,,,,,,,,,,,,
10995804185,node,Dermatology Department,51.3904846,-0.1099614,,,,,,,,,,,,,hospital,,,,,,,,,,,,,,,,,,,,,,,,,,,hospital,,,,,,,,,,,,,,,,,,,,,,,,Croydon University Hospital,,,,,,,,,,,,,,,,,,,,,,,,,,,,,,,,
10995804186,node,Diabetic Department,51.3886983,-0.108209,,,,,,,,,,,,,hospital,,,,,,,,,,,,,,,,,,,,,,,,,,,hospital,,,,,,,,,,,,,,,,,,,,,,,,Croydon University Hospital,,,,,,,,,,,,,,,,,,,,,,,,,,,,,,,,
10995804187,node,MRI,51.3888297,-0.1088304,,,,,,,,,,,,,hospital,,,,,,,,,,,,,,,,,,,,,,,,,,,hospital,,,,,,,,,,,,,,,,,,,,,,,,Croydon University Hospital,,,,,,,,,,,,,,,,,,,,,,,,,,,,,,,,
10995804195,node,Main X-Ray,51.3891088,-0.1087926,,,,,,,,,,,,,hospital,,,,,,,,,,,,,,,,,,,,,,,,,,,hospital,,,,,,,,,,,,,,,,,,,,,,,,Croydon University Hospital,,,,,,,,,,,,,,,,,,,,,,,,,,,,,,,,
10995804196,node,Vascular Ultrasound,51.3891619,-0.1103441,,,,,,,,,,,,,hospital,,,,,,,,,,,,,,,,,,,,,,,,,,,hospital,,,,,,,,,,,,,,,,,,,,,,,,Croydon University Hospital,,,,,,,,,,,,,,,,,,,,,,,,,,,,,yes,,,
10995804197,node,Wound Clinic,51.3890953,-0.1102589,,,,,,,,,,,,,hospital,,,,,,,,,,,,,,,,,,,,,,,,,,,hospital,,,,,,,,,,,,,,,,,,,,,,,,Croydon University Hospital,,,,,,,,,,,,,,,,,,,,,,,,,,,,,,,,
10995804198,node,Moorfields Eye Unit,51.3893068,-0.1099839,,,,,,,,,,,,,hospital,,,,,,,,,,,,,,,,,,,,,,,,,,,hospital,,,,,,,,,,,,,,,,,,,,,,,,Croydon University Hospital,,,,,,,,,,,,,,,,,,,,,,,,,,,,,,,,
10995804199,node,The Willows (Children's Clinic),51.389144,-0.1097382,,,,,,,,,,,,,hospital,,,,,,,,,,,,,,,,,,,,,,,,,,,hospital,,,,,,,,,,,,,,,,,,,,,,,,Croydon University Hospital,,,,,,,,,,,,,,,,,,,,,,,,,,,,,,,,
10995804200,node,Day Surgery Unit (DSU),51.3898664,-0.1107072,,,,,,,,,,,,,hospital,,,,,,,,,,,,,,,,,,,,,,,,,,,hospital,,,,,,,,,,,,,,,,,,,,,,,,Croydon University Hospital,,,,,,,,,,,,,,,,,,,,,,,,,,,,,,,,
10995811829,node,Emergency Department,51.3887022,-0.1092569,,,,,,,,,,,,,hospital,,,,,,,,,,,,,,,,,,,,,,,,,,,hospital,,,,,,,,,,,,,,,,,,,,,,,,Croydon University Hospital,,,,,,,,,,,,,,,,,,,,,,,,,,,,,,,,
11170258999,node,King's College Hospital Emergency Department,51.4687588,-0.0927953,,,,,,,,,,,,,hospital,,,,,,,2025-10-21,,,,,,,yes,,,,,,,,,,,,,hospital,,emergency,,,no,,,,,,,,,,,,,,,,,,24/7,,public,,,,,,+44 20 3299 9000,,,,,,,,,,,,,,,,,,,,,https://kch.nhs.uk,yes,,,
12026398668,node,Dental Hospital,51.4691229,-0.0927114,,,,,,,,,,,,,hospital,,,,,,,2024-11-09,,,,,,,,,,,,,,,,,,,,hospital,,,,,,,,,,,,,,,,,,,,,,,,,,,,,,,,,,,,,,,,,,,,,,,,,,,,https://www.kch.nhs.uk/patients-and-visitors/patients/dental-patients/,yes,,,
12187913901,node,Great Ormond Street Outpatients - Zebra and Hippo Clinic Areas,51.5216322,-0.1213221,London,,,,,60,,WC1N 3JH,Great Ormond Street,,,,hospital,,,,,,,,,,,,,,,,,,,,,,,,,,,hospital,,,,,wlan,,,,,,,,,,,,,,,,,,,,,,,,,,,,RP401,RP401,,,,,,,,,,,,,,,,,,https://www.gosh.nhs.uk/your-hospital-visit/outpatient-appointment/,,,,
12313941685,node,Hounslow Medical Centre,51.4694387,-0.3772728,,,,,,,,,,,,,hospital,,,,,,,,,,,,,,,,,,,,,,,,,,,hospital,,,,,,,,,,,,,,,,,,,,,,,,,,,,,,,,,,,,,,,,,,,,,,,,,,,,,,,,
12601902086,node,National Hospital for Neurology and Neurosurgery at Cleveland Street,51.5196573,-0.1380023,London,,,,,25,,W1T 4AJ,Cleveland Street,,,,hospital,,,,,,,2026-03-05,,,,,,,,,,,,,,,,,,,,hospital,,neurology;neurosurgery,,,,,,,,,,,,,,,,,,,,,,NHS,public,,Q918396,,,,,,RRVCL,,,,,,,,,,,,,,,,,,,,,,,
12842417237,node,Medlabs Diagnostics,51.5208997,-0.1124702,,,,,,,,,,,,,hospital,,,,,,,,,,,,,,,,,,,,,,,,,,,hospital,,,,,,,,,,,,,,,,,,,,,,,,,,,,,,,,,1-22084905984,,,,,,,,,,,,,,,,,,,,,,,
12873147549,node,Proton International @ UCLH,51.5238264,-0.1363481,London,,,,,1,,WC1E 6AS,Grafton Way,,,,hospital,,,,,,,,,,,,,,,,,,,,,,,,,,,hospital,,,,,,,,,,,,,,,,,,,,,,,,Proton International London Limited,,,,,,,,,1-14279687485,,,,,,,,,,,,,,,,,,,,,,,
12873147555,node,HCA Healthcare UK Laboratories,51.5225872,-0.1352478,London,,,,,2-10,,WC1E 6JA,Capper Street,,,,hospital,,,,,,,,,,,,,,,,,,,,,,,,,,,hospital,,,,,,,,,,,,,,,,,,,,,,,,,,,,,,,,,1-11010280687,,,,,,,,,,,,,,,,,,,,,,,
12873180107,node,Optimal Vision,51.5199661,-0.1302119,London,,,,,7,,WC1E 6HA,Gower Mews,,,,hospital,,,,,,,,,,,,,,,,,,,,,,,,,,,hospital,,ophthalmology,,,,,,,,,,,,,,,,,,,,,,Optimal Vision Ltd,,,,,,,,,1-13932164067,,,,,,,,,,,,,,,,,,,,,,,
12873245976,node,Until SOHO,51.5145533,-0.1299683,London,,,,,111,,WC2H 0DT,Charing Cross Road,,,,hospital,,,,,,,2025-05-29,,,,,,,,,,,,,,,,,,,,hospital,,,,,,,,,,,,,,,,,,,,,,,,,,,,,,,,,1-14429388915,,,,,,,,,,,,,,,,,,,,,,,
12875654728,node,Queen Square Imaging Centre,51.5217376,-0.1230571,,,,,,,,,,,,,hospital,,,,,,,,,,,,,,,,,,,,,,,,,,,hospital,,,,,,,,,,,,,,,,,,,,,,,,Q.S. Enterprises Limited,,,,,,,,,1-1353988292,,,,,,,,,,,,,,,,,,,,,,,
12886273770,node,Tunica Diagnostics,51.5145501,-0.1300121,London,,,,,111,,WC2H 0DT,Charing Cross Road,,,,hospital,,,,,,,,,,,,,,,,,,,,,,,,,,,hospital,,diagnostics,,,,,,,,,,,,,,,,,,,,,,Tunica Diagnostics ltd,,,,,,,,,1-15125385272,,,,,,,,,,,,,,,,,,,,,,,
12924662500,node,Clinical Research Facility,51.5227136,-0.1360165,London,,,,,170,,W1T 7HA,Tottenham Court Road,,,,hospital,,,,,,,2025-06-18,,,,,,,,,,,,,,,,,,,,hospital,,,,,,,,,,,National Institute for Health and Care Research UCLH Clinical Research Facility,,,,,,,,,,,,,University College London Hospitals NHS Foundation Trust,,,,,,,,,RRVCR,,,,,,,,,,,,,,,,,,,,,,,
13006104317,node,Sleep & Health Clinic,51.5234503,-0.1403723,London,,,,Saint Luke's House,13-14,,,Fitzroy Square,,,,hospital,,,,,,,,,,,,,,,,,,,,,,,,,,,hospital,,,,,,,,,,,,,,,,,,,,,,,,Sleep & Health Clinic ltd,,,,,,,,,,,,,,,,,,,,,,,,,,,,,,,,
13262025383,node,"Neonatal Unit, L1 Z2",51.5229852,0.0367652,London,,,,"Newham Neonatal Unit, 1st Floor, Zone 2",,,E13 8SL,Glen Road,,,,hospital,,,,,,,,,,,,,,no,,,,,,,,,,,,,hospital,,neonatology,,,,,,,,,,,,,,,,,,,,,,,,,,,,,,,,,,,,,,,,,,,,,,,,,,,,,,
13262504860,node,A&E Department,51.5229803,0.0343603,,,,,,,,,,,,,hospital,,,,,,,,,,,,,,yes,,,,,,,,,,,,,hospital,,,,,,,,,,,,,,,,,,,,,,,,,,,,,,,,,,,,,,,,,,,,,,,,,,,,,,,,
13262504861,node,Rainbow Ward,51.5233041,0.0350684,,,,,,,,,,,,,hospital,,,,,,,,,,,,,,,,,,,,,,,,,,,hospital,,,,,,,,,,,,,,,,,,,,,,,,,,,,,,,,,,,,,,,,,,,,,,,,,,,,,,,,
13436406358,node,Moorfields at Hoxton,51.5346809,-0.0898754,London,,,,,1 & 5,,N1 7TX,Bracklyn Street,,,,hospital,,,,,,,,,,,,,,,,,,,,,,,,,,,hospital,,ophthalmology,,,,,,,,,,,,,,,,,,,,,,Moorfields Eye Hospital,public,,,,,,,,,,,,,,,,,,,,,,,,,,,https://www.moorfields.nhs.uk/locations/moorfields-hoxton,,,,
13578306554,node,London kiritimati Hospital,1.9878852,-157.4718277,,,,,,,,,,,,,hospital,,,,,,,,,,,,,,,,,,,,,,,,,,,hospital,,,,,,,,,,,,,,,,,,,,,,,,,,,,,,,,,,,,,,,,,,,,,,,,,,,,,,,,
4211785,way,St Ann's Hospital,51.5802183,-0.0883215,London,GB,,,,,,N15 3TH,St Ann's Road,,,,hospital,,,,,,,,,,,,,,no,,,,,,,,,,,,,hospital,,,,,,,,,,,,,,,,,,,,,,,,,,,,,,,,,,,,,,,,,,,,,,,,,,,,,,Q7592462,,en:St Ann's Hospital
4271138,way,North Middlesex University Hospital,51.613284,-0.0735435,,,,,,,,,,,,North Middlesex Hospital,hospital,,,,,,,,,,,,,,yes,,,,,,,,,,,,,hospital,,,,,,,,,,North Mid,,,,,,,,,,,,,,,,,,,,,,,,,,,,,,,,,,,,,,,,,,https://www.royalfree.nhs.uk/our-locations/north-middlesex-university-hospital,,Q7056104,,en:North Middlesex University Hospital
4356408,way,The Wilson Hospital,51.3975104,-0.1631461,Mitcham,GB,,,,,,CR4 4TP,Cranmer Road,,,,hospital,,,,,,,,,,,,,,,,,,,,,,,,,,,hospital,,,,,,,,,,The Wilson,,,,,,,,,,,,,,NHS,public,,Q918396,,,,+44 20 8648 3021,,,,,,,,,,,,,,,,,,,,,https://www.clch.nhs.uk/locations/wilson-hospital.aspx,,,,
4363883,way,Hammersmith Hospital,51.5173881,-0.235288,,,,,,,,,,,,,hospital,,,,,,,,,,,,,,,,,,,,,,,,,,,hospital,,,,,,,,,,,,,,,,,,,,,,,,,,,,,,,,,,,,,,,,,,,,,,,,,,,,,yes,Q5645747,,
4379364,way,Barnet Hospital,51.6509125,-0.2145599,Barnet,,,,,,,EN5 3DJ,Wellhouse Lane,,,,hospital,,,,,,,,,,,,,,yes,,,,,,,,,,,,,hospital,,,,,,,,,,,,,,,,,,,,,,,,,,,,,,,,,,,,,,,,,,,,,,,,,,,,,,Q4861607,,
4536914,way,St George's Hospital,51.4264422,-0.1752072,London,,,,,,,SW17 0QT,Blackshaw Road,,,,hospital,,1300,,,,,,,,+44 20 8672 1255,http://www.stgeorges.nhs.uk,,,yes,,,,,,298392,,,,,,,hospital,,general;emergency;trauma;neurology;intensive;gynaecology;cardiology;anaesthetics,,,,,,,,,,,,,,,,,,,,,,St George's University Hospitals NHS Foundation Trust,public,,Q7593174,,,,,,,,,,,,,,,FHRS Open Data,,,,,,,,,,,,Q3495316,,en:St George's Hospital
4822314,way,St. Helier Hospital,51.3803771,-0.1845767,Carshalton,,,,,,,SM5 1AA,Wrythe Lane,,,,hospital,,,,,,,2025-10-13,,,,,,,yes,,,,,,,,,,,,,hospital,,,,,,,,,,,,,,,,,,,,,,,,Epsom and St Helier University Hospitals NHS Trust,public,,,,,,+44 20 8296 2000,,,,,,,,,,,,,,,,,,,,,https://www.epsom-sthelier.nhs.uk/,yes,Q7593367,,
4907493,way,Barnes Hospital,51.4672064,-0.2558588,London,,,,,,,SW14 8SU,South Worple Way,,,,hospital,,,,,,,,,,,,,,,,,,,,,,,,,,,hospital,,,,,,,,,,,,,,,,,,,,,,,,,,,,,,,,,,,,,,,,,,,,,,,,,,,,,,Q16983704,,"en:Barnes Hospital, London"
6134866,way,Northwick Park Hospital,51.5753346,-0.3215253,Harrow,GB,,,Northwick Park Hospital,,,HA1 3UJ,Watford Road,,,,hospital,,,,,,,,,,,,,,yes,,,,,,,,,,,,,hospital,,,,,,,,,,,,,,,,,,,,,,,,,,,,,,,+44 20 8864 3232,,,,,,,,,,,,,,,,,,,,,,yes,Q7060443,,en:Northwick Park Hospital
7954585,way,Queen Mary's Hospital,51.4187458,0.1039333,,,,,,,,DA14 6LT,Frognal Avenue,,,,hospital,,,,,,,,,,,,,,,,,,,,765937,,,,,,,hospital,,,,,,,,industrial,,,,,,,,,,,,,,,,,,,,,,,,,,,,,,,,,,FHRS Open Data,,,,,,,,,,,,Q7270448,,
20259708,way,St Mark's,51.575993,-0.3201695,,,,,,,,,,,,,hospital,,,,,,,,,,,,,,,,,,,,,,,,,,,hospital,,,,,,,,,,,,,,,,,,,,,,,,,,,,,,,,,,,,,,,,,,,,,,,,,,,,,,Q7589963,,
23088561,way,Tolworth Hospital,51.3794911,-0.2891912,Surbiton,GB,,,,,,KT6 7QU,Red Lion Road,,,,hospital,,,,,,,,,,,,,,no,,,,,,,,,,,,,hospital,,,,https://commons.wikimedia.org/wiki/File:Tolworth_Hospital_sign.jpg,,,,,,,,,,,,,,,,,,,,NHS,,,,,,,+44 20 3513 5000,,,,,,,,,,,,,,,,,,,,,https://www.swlstg.nhs.uk/,,Q30292891,,
23109454,way,Kingston Hospital,51.4149164,-0.2826846,Kingston upon Thames,,,,,,,KT2 7QB,Galsworthy Road,,,,hospital,,,,,,,,,,,,,,yes,,,,,,1385880,,,,,,,hospital,,,,,,,,,,,,,,,,,,,,,,,,,,,,,,,,,RAX01,,,,,,,,,FHRS Open Data,,,,,,,,,,,,Q50517755,,
24414388,way,Finchley Memorial Hospital,51.60561,-0.1770117,,,,,,,,,,,,,hospital,,,,,,,,,,,,,,no,,,,,,,,,,,,,,,,,,,,,,,,,,,,,,,,,,,,,,,,,,,,,,,,,,,,,,,,,,,,,,,,,,,Q28404845,,en:Finchley Memorial Hospital
24437604,way,Chase Farm Hospital,51.6670768,-0.10256,,,,,,,,,,,,,hospital,,,,,,,,,,,,,,no,,,,,,,,,,,,,hospital,,,,,,,,,,,,,,,,,,,,,,,,,,,,,,,,,,,,,,,,,,,,,,,,,,,,https://www.royalfree.nhs.uk/chase-farm-hospital/,yes,Q5087127,,en:Chase Farm Hospital
24437660,way,St Michael's Community Hospital,51.6620161,-0.0839186,,,,,,,,,,,,,hospital,,,,,,,,,,,,,,,,,,,,,,,,,,,,,,,,,,,,,,,,,,,,,,,,,,,,,,,,,,,,,,,,,,,,,,,,,,,,,,,,,,,
24525110,way,St Anthony's,51.3798987,-0.220725,Sutton,,,,,,,SM3 9DW,,,,,hospital,,,hospital,,,,,,,,,,,,,,,,,,,,,,,,hospital,,,,,,,,,,,,,,,,,,,,,,,,,,,,,,,,,,,,,,,,,,,,,,,,,,,,,,Q16900532,,"en:St Anthony's Hospital, North Cheam"
24648544,way,Central Middlesex Hospital,51.5314837,-0.2676149,London,,,,,,,NW10 7NS,Acton Lane,,,,hospital,,,,,,,,,,,,,,yes,,,,,,,,,,,,,hospital,,,,,,,,,,,,,,,,,,,,,,,,,,,,,,,+44 20 8965 5733,,,,,,,,,,,,,,,,,,,,,https://www.lnwh.nhs.uk/central-middlesex-hospital/,,Q5061433,,
24787431,way,Lambeth Hospital,51.4653315,-0.1224959,London,,,,,108,,SW9 9NU,Landor Road,,,,hospital,,,,,,,,,,,,,,,,,Lambeth,,,484248,2014-02-03,,4,,,,hospital,,,,,,,,,,,,,,,,,,,,,,,,,,,,,,,,,,,,,,,,,,,,,,,,,,,,,,Q6481446,,
26617656,way,Croydon University Hospital,51.3901236,-0.1100563,Thornton Heath,,,,,530,,CR7 7YE,London Road,,,Mayday Hospital,hospital,,670,,,,,,,,,,,,yes,,,Croydon,,,370621;918528,,,,,,,hospital,,,,,,,,,,,,,,,,,,,,,,,24/7,,,,,,,,,,,,,,,,,,,,,FSA Food Hygiene Ratings database,,,,,,,,,,Q5189706,,
26730443,way,West Middlesex Hospital,51.4730783,-0.3244097,,,,,,,,,Twickenham Road,,,,hospital,,,,,,,,,,,,,,,,,,,,,,,,,,,hospital,,,,,,,,,,,,,,,,,,,,,,,,,,,,,,,,,,,,,,,,,,,,,,,,,,,,,yes,Q7985920,,en:West Middlesex University Hospital
27219238,way,Norbury Health Centre,51.4049847,-0.1203608,,,,,,,,,,,,,hospital,,,,,,,2024-04-02,,,,,,,,,,,,,,,,,,,,hospital,,,,,,,,,,,,,,,,,,,,,,,,,,,,,,,,,,,,,,,,,photo,,,,,,,,,,,,,,,
28226427,way,"Royal National Throat, Nose and Ear Hospital",51.5292405,-0.1192676,London,,,,,330-332,,WC1X 8EE,Gray's Inn Road,,,,hospital,,,yes,,,,,,,,,,,,,,,,,,,,,,,,hospital,,,,,,,,,,,,,,,,,,,"Most Royal National ENT Hospital services have moved to 47-49 Huntley Street, along with Eastman Dental Hospital. This site will contain wards and some other services until 2020 but the main move has now happened.",,,,,,,,,,,,,,,,,,,,,,https://www.uclh.nhs.uk/OurServices/OurHospitals/RNENTD/Pages/Home.aspx;https://www.uclh.nhs.uk/aboutus/NewDev/phase5/Pages/Anewworldleadingcentre.aspx;https://www.uclh.nhs.uk/OurServices/OurHospitals/RNTNE/Pages/Home.aspx,,,,,,,,,,,,,Q7374519,"Category:Royal National Throat, Nose and Ear Hospital","en:Royal National Throat, Nose and Ear Hospital"
31636962,way,St Charles' Hospital,51.5222211,-0.2176095,,,,,,,,,,,,,hospital,,,,,,,2025-09-12,,,,,,,,,,,,,,,,,,,,hospital,,,,,,,,,,,,,,,,,,,,,,,,,,,,,,,,,,,,,,,,,,,,,,,,,,,,,,Q27081429,,
31927218,way,Hillingdon Hospital,51.5255502,-0.4614635,Uxbridge,,,,,,,UB8 3NN,Pield Heath Road,,,,hospital,,,,,,,,,,,,,,yes,,,,,,,,,,,,,hospital,,,,,,,,,,,,,,,,,,,,,,,,The Hillingdon Hospitals NHS Trust,,,,,,,,,,,,,,,,,,,,,,,,,,,,,,Q5763292,,
32612277,way,Newham University Hospital,51.5216743,0.0366399,,,,,,,,,,,,Newham General Hospital,hospital,,430,,,,,,,,,,,,,,,,,,,,,,,,,hospital,,,Newham University Hospital Trust,,,,,,,,,,,,,,,,,,,,24/7,Barts Health NHS Trust,,,,,,,,,R1HNH,,,,,,,,,,,,,,,,,,,https://www.bartshealth.nhs.uk/our-hospitals/newham-university-hospital/,,Q7018154,,en:Newham University Hospital
35776498,way,Bethlem Royal Hospital,51.3826284,-0.0316828,Beckenham,,,,,,,BR3 3BX,,,,,hospital,,,,,,,,,,,,,,,,,,,,,,,,,,,hospital,,,,,,,,,,,,,,,,Бедлам,,,,,,,,,,,,,,,,,,,,,,,,,,,,,,,,,,,,,,Q831377,,en:Bethlem Royal Hospital
35781504,way,Queen Mary's Hospital,51.4549711,-0.2416041,London,,,,,171,,SW15 5PN,Roehampton Lane,,,,hospital,,,,,,,,,,,,,,no,,,Wandsworth,,,1572393,,PI/000457125,,,,,hospital,,,,,,,,,,,,,,,,,,,,,,,,,,,,,,,,,,,,,,,,,local_knowledge,FHRS Open Data,,,,,,,,,,,,Q7270446,,"en:Queen Mary's Hospital, Roehampton"
41378470,way,Whipps Cross University Hospital,51.5775152,0.002042,London,,,,,,,E11 1NR,Whipps Cross Road,,,,hospital,,,,,,,,,,,,,,yes,,,,,,,,,,,,,hospital,,,,,,,,,,,,,,,,,,,,,,,,,,,,,,,,,R1HKH,,,,,,,,yahoo;knowledge,,,,,,,,,,,,,Q7993761,,en:Whipps Cross University Hospital
43290805,way,St. Pancras Hospital,51.5362791,-0.1314026,London,,,,,,,NW1 0PE,St Pancras Way,,,,hospital,,,,,,,,,,,,,,,,,,,,,,,,,,,hospital,,,,,,,,,,,,,,,,,,,,,,,,,,,,,,,,,,,,,,,,,,,,,,,,,,,,,,Q7595036,,en:St Pancras Hospital
43514739,way,Homerton University Hospital,51.550645,-0.0455017,,,,,,,,,,,,,hospital,,,,,,,,,,,,,,yes,,,,,,,,,,,,,hospital,,,,,,,,,,Homerton Hospital,,,,,,,,,,,,,,,,,,,,,,,RQXM1,RQXM1,,,,,,,,,,,,,,,,,,https://www.homerton.nhs.uk/,,Q19654384,,en:Homerton University Hospital
45388015,way,St Mary's Hospital,51.5174818,-0.1742846,London,,,,,,,W2 1NY,Praed Street,,,"Saint Mary's Hospital, Paddington",hospital,,,,,,,,,,,,,,yes,,,,,,,,,,,,,hospital,,,,,,,,,,,,,,,,,,,,,,,,,,,,,,,,,,,,,,,,,,,,,,,,,,,,https://www.imperial.nhs.uk/our-locations/st-marys-hospital,,Q3495342,,"en:St Mary's Hospital, London"
47630726,way,Mount Vernon,51.6156301,-0.4459713,,,,,,,,,,,,,hospital,,,,,,,,,,,,,,,,,,,,,,,,,,,hospital,,,,,,,,,,,,,,,,,,,,,,,,,,,,,,,,,,,,,,,,,,,,,,,,,,,,,,Q6924380,,
47698729,way,Royal National Orthopaedic Hospital,51.6315936,-0.3108357,,,,,,,,,,,,,hospital,,,,,,,,,,,,,,,,,,,,,,,,,,,hospital,,,,,,,,,,,,,,,,,,,,,,,,,,,,,,,,,,,,,,,,,,,,,,,,,,,,,,Q7374518,,
48915770,way,The Whittington Hospital,51.5666448,-0.1393183,London,,,,,,,N19 5NF,Magdala Avenue,Highgate,,,hospital,,,,,,,,,,,,,,,,,,,,,,,,,,,hospital,,,,,,,,,,,,,,,,,,,,,,,,,,,,,,,,,,,,,,,,,,,,,,,,,,,,,yes,Q7996907,,
80402499,way,Ealing Hospital,51.5075305,-0.3453188,Southall,,,,,,,UB1 3HW,Uxbridge Road,,,,hospital,,,,,,,,,,,https://www.lnwh.nhs.uk/ealing-hospital/?,,,yes,,,,,,,,,,,,,hospital,,,,,,,,,,,,,,,,,,,,,,,,,,,,,,,+44 20 8967 5000,,,,,,,,,,,,,,,,,,,,,,yes,,,
80888181,way,The Princess Grace Hospital,51.522486,-0.1529101,,,,,,,,,,,,,hospital,,,yes,,5,,2025-09-21,,,,,,,,,,,,,,,,,,"Does this merit the tag 'hospital', i.e. it has in-patients?",,hospital,,,,,,,,,,,,,,,,,,,,,,,,HCA,private,,,,,,,,,,,,,,,,Bing;survey,,,,,,,,,,,,,Q16901558,,
80888190,way,King Edward VII's Hospital,51.5209342,-0.1504175,London,GB,,,King Edward VII's Hospital,5-10,,W1G 6AA,Beaumont Street,,,,hospital,,,yes,,,,2024-04-18,,,,,,,,,,,0,0,413238,,01108/0055/1/000,5,0,,,hospital,,,,,,,,,,,,,,,,,,,,,,,,,,,,,,,,,1-114202635,,10033529930;10033601882,,,,,,survey,FSA Food Hygiene Ratings Database,,FSA Food Hygiene Ratings Database,,,,,,,,https://www.kingedwardvii.co.uk/,,Q580652,,en:King Edward VII's Hospital
80888195,way,The Portland Hospital,51.5230212,-0.1443613,London,,,,,205-209,,W1W 5AH,Great Portland Street,,,,hospital,,,yes,,,,2025-06-24,,,,,,,no,,,,,,411924,,,,,,,hospital,,,,,,,,,,,,,,,,,,,,,,,,,,,,,,,,,1-126955917,NW604,,,,,,,survey,FHRS Open Data,,,,,,,,,,,,Q7231952,,
85472872,way,Royal Brompton Hospital,51.4891664,-0.170971,London,,,,,,,SW3 6PY,Sydney Street,,,,hospital,,,,,,,,,,,,,,no,,,,,,,,,,,,,hospital,,,,,,,,,,,,,,,,,,,,,,,,Guy's and St Thomas' NHS Foundation Trust,,,,,,,,,,,,,,,,,,,,FHRS Open Data,,,,,,,,,,Q7373850,,
85472885,way,The Royal Marsden Hospital,51.4905731,-0.1725464,,,,,,,,,,,,,hospital,,,,,,,,,,,,,,,,,,,,,,,,,,,hospital,,,,,,,,,,,,,,,,,,,,,,,,,,,,,,,,,,,,,,,,,,,,,,,,,,,,,,Q7761706,,
89825005,way,Cambian Churchill,51.497186,-0.1096392,London,,,,,22,,SE1 7PW,Barkham Terrace,,,,hospital,,,hospital,,4,,2025-09-18,,,,,,,,,,,,,1149999,,,,,,,hospital,,,,,,,,,,,,,,,,,,,,,,,,,,,,,,,,,,,,,,1,,,,,,,,,,,,,,,,,,
92785814,way,Unnamed Location,51.5905128,-0.2819639,,,,,,,,,,,,,hospital,,,,,,,,,,,,,,,,,,,,,,,,,,,,,,,,,,,,,,,,,,,,,,,,,,,,,,,,,,,,,,,,,,,,OS,,,,,,,,,,,,,,,
97175523,way,CRGH,51.5202012,-0.1015412,London,,,,,16,,,St. John Street,,,,hospital,,,yes,#A0522D,4,brick,,,,,,,,,,,,,,,,,,,,,hospital,,fertility,,,,,,,,,,,,,,,,,,,,,,City Fertility Limited,,,,,,,,,1-483017017,,,,darkgrey,,,,,,,,,,,,,,,,,,,
110476079,way,The London Welbeck Hospital,51.5182542,-0.1493761,London,,,,,27,,,Welbeck Street,,,,hospital,,,,,,,2025-01-31,,,,,,,,,,,,,,,,,,,,hospital,,plastic_surgery;surgery;paediatric_surgery;dental_oral_maxillo_facial_surgery,,,,,,,,,,,,,,,,,,,,,,,,,,,,,,,,,,,,,,,,,,,,,,,,,,https://londonwelbeckhospital.co.uk/,,Q6671010,,en:London Welbeck Hospital
111343934,way,Lister Hospital,51.4864231,-0.150183,London,,,,The Lister Hospital,,,SW1W 8RH,Chelsea Bridge Road,,,,hospital,,,hospital,,4,,2024-10-31,,,,,,,,,,,,,,,,,,,,hospital,,,,,,,,,,,,,,,,,,,,,,,,,,,,,,,,,,,100023345418,,,1,,,Bing,,,,,,,,,,,,,Q6646489,,
111800473,way,Vincent Square Clinic,51.4914736,-0.1345453,London,,,,Hopkinson House,,,,,,,,hospital,,,yes,,,,,,,,,,,,,,,,,,,,,,,,hospital,,,,,,,,,,,,,,,,,,,,,,,,,,,,,,,,,,,,,,,,,,,,,,,,,,,,,yes,,,
112682015,way,Gordon Hospital,51.4921664,-0.1359502,London,,,,,,,SW1V 2RH,Bloomburg Street,,,,hospital,,,yes,,,,,,,,,,,,,,,,,412339,,,,,,,hospital,,,,,,,,,,,,,,,,,,,,,,,,,,,,,,,,,,,,,,,,,,,,,,,,,,,,,,Q60747194,,
116629214,way,Evelina London Children's Hospital,51.4983235,-0.1183943,London,,,,,,,SE1 7EH,Westminster Bridge Road,,,,hospital,,,hospital,,7,,,,,,https://www.evelinalondon.nhs.uk/Home.aspx,,,yes,,,,,,,,,,,,,hospital,child,paediatrics,,,,,,,,,,,,,,,,,,,,,,Guy's & St Thomas' NHS Foundation Trust,,,,,,,,,,,,,,,,,,,,,,,,,,,,,,Q5416238,,en:Evelina London Children's Hospital
120359076,way,Grays Court Community Hospital,51.5392785,0.1580578,Dagenham,,,,,,,RM10 9SR,John Parker Close,,,,hospital,,,yes,,,,,,,,,,,no,,,,,,129890,,60868,,,,,hospital,,,,,,,,,,,,,,,,,,,,,,,,,,,,,,,,,,,,,,,,,,,,,,,,,,,,,,,,
122227536,way,St Thomas' Hospital,51.4991013,-0.1187323,London,,,,,,,SE1 7EH,Westminster Bridge Road,,,,hospital,,,,,,,2024-11-05,,,,,,,yes,,,,,,,,,,,,,hospital,,,,,,,,,,,,,مستشفى سانت توماس,,,,,,,,,,,Guy's and St Thomas' NHS Foundation Trust,,,,,,,+44 20 7188 7188,,,,,,,,,,OS_OpenData_StreetView;Bing,,,,,,,,,,,https://www.guysandstthomas.nhs.uk/,yes,Q1143779,Category:St Thomas' Hospital,en:St Thomas' Hospital
122299506,way,Cleveland Clinic London,51.4993942,-0.148755,London,,,,,33,,SW1X 7HY,Grosvenor Place,,,,hospital,,184,commercial,,6,,2024-07-28,,,,,,,no,,,,,,,,,,,,,hospital,,,,,wlan,no,,,,,,,,,,,,,,,,,,Cleveland Clinic,private,,,,,,+44 20 3423 7500,,,,,,,,,,,,,,,,,,,,,https://clevelandcliniclondon.uk/,yes,Q97040389,,en:Cleveland Clinic London
130345641,way,Queens Hospital,51.5687233,0.1810182,Romford,,,,,,,RM7 0AG,Rom Valley Way,,,,hospital,,939,,,,,,,,,,,,yes,,,,,,,,,,,,,hospital,,,,,,,,,,,,,,,,,,,,,,,24/7,"Barking, Havering and Redbridge University Hospitals NHS Trust",public,,Q4861025,,,,+44 330 400 4333,,,,,,,,,,,,,,,,,,,,,,yes,Q7270013,,
137754985,way,Purley War Memorial Hospital,51.3405666,-0.1148023,Purley,,,,,856,,CR8 2YL,Brighton Road,,,,hospital,,,,,,,,,,,,,,,,,,,,,,,,,,,hospital,,,,,,,,,,,,,,,,,,,,,,,Mo-Su 08:00-20:00,,,,,,,,+44 20 8401 3000,,,,,,,,,,,,,,,,,,,,,,,,,
142385900,way,Royal Hospital for Neuro-Disability,51.4519811,-0.2139272,London,,,,,,,SW15 3SW,West Hill,,,,hospital,,,,,,,,,,,,,,no,,,,,,,,,,,,,hospital,,physiatry;neurology,,,,,,,,,,,,,,,,,,,,,,,,,,,,,,,,,,,,,,,,,,,,,,,,,,,,Q7374301,,
145477095,way,Biggin Hill Clinic,51.3130711,0.0344392,,,,,,,,,,,,,hospital,,,yes,,,,,,,,,,,,,,,,,,,,,,,,,,,,,,,,,,,,,,,,,,,,,,,,,,,,,,,,,,,,,,,,,,,,,,,,,,,,,,,,
150470710,way,The Groves Medical Centre,51.4103397,-0.2613381,,,,,,,,KT3 3TX,Clarence Avenue,,,,hospital,,,yes,,,,,,,,,,,no,,,,,,,,,,,,,hospital,,,,,,,,,,,,,,,,,,,,,,,,,,,,,,,,,,,128039730;128052868;128031208,,,,,,,,,,,,,,,,,,,,,
156497004,way,Springdene Nursing Home,51.6344405,-0.1679502,,,,,,55,,,Oakleigh Park North,,,,hospital,,,yes,,,,,,,,,,,,,,,,,,,,,,,,,,,,,,,,,,,,,,,,,,,,,,,,,,,,,,,,,,,,,,,,,,,,,,,,,,,,,,,,
164458516,way,Edgware Community Hospital,51.6064844,-0.2709666,Edgware,,,,,,,HA8 0AD,Burnt Oak Broadway,,,,hospital,,,,,,,,,,,,,,no,,,,,,,,,,,,,hospital,,,,,,,,,,,,,,,,,,,,,,,,,,,,,,,,,,,,,,,,,,,,,,,,,,,,,,Q30293035,,
166385829,way,Bowes Road Clinic,51.6154941,-0.1310823,London,,,,,,,N11 1BD,,,,,hospital,,,,,,,,,,,,,,no,,,,,,,,,,,,,hospital,,,,,,,,,,,,,,,,,,,,,,,,,,,,,,,,,,,207045511,,,,,,,,ONSUD;OS Open UPRN,,,,,,,,,,,,,
170732745,way,St Bartholomew's Hospital,51.5175315,-0.1000771,,,,,,,,,,,,,hospital,,,,,,,,,,,,,,,,,,,,,,,,,,,hospital,,,,,,,,,,,,,,,,,,,approx-ish area,,,,,,,,,,,,,,R1HM0,R1HM0,,,,,,Barts,,,,,,,,,,,,,limited,Q164946,,en:St Bartholomew's Hospital
179247963,way,Madison Health,39.8928286,-83.4535418,London,,,,,210,,43140,North Main Street,,,,hospital,,,,,,,,,,,,,,yes,,,,,,,,,,,,1054105,,,,,,,,,,,,,,,,,,,,,,,Madison County Hospital,24/7,,,,,,,,+1 866 357 4677,,,,,,,,,,,,,,,,,,,,,https://www.madison-health.com/,,,,
182344201,way,Shirley Oaks Hospital,51.3821689,-0.0563816,Croydon,,,,,,,CR9 8AB,Poppy Lane,,,,hospital,,,,,,,,,,,,,,,,,Croydon,,,859731,,,,,,,hospital,,,,,,,,,,,,,,,,,,,,,,,,,,,,,,,,,,,,,,,,,,,,,,,,,,,,,,,,
184154674,way,Mile End Hospital,51.5250528,-0.0421703,London,,,,,275,,E1 4DG,Bancroft Road,,,,hospital,wall,,,,,,,,,,,,,no,,,,,,83681,,,,,,,hospital,,,,,,,,,,,,,,,,,,,,,,,,Barts Health NHS Trust,,,,,,,,,R1H13,R1H13,,,,,,,,,,,,,,,,,,,,Q6851069,,
186977094,way,The Old Red Hill Clinic (Barnet Adolescent Services),51.6114198,-0.2772697,Edgware,GB,,,,,,HA8 7AB,Station Road,,,,hospital,,,yes,,,,,,,,,,,no,,,,,,,,,,,,,,,,,,,,,,,,,,,,,,,,,,,,,,,,,,,,,,,,200222524,,,,,,,,,,,,,,,,,,,,,
188617701,way,Charing Cross Hospital,51.486919,-0.2197632,London,,,,,,,W6 8RF,Fulham Palace Road,,,,hospital,,,,,,,,,,,,,,yes,,,,,,,,,,,,,hospital,,general;emergency,,,,,,,,,,,,,,,,,,,,,,,,,,,,,,,,,,,,,,,Local knowledge,,,,,,general acute hospital,,,,,,,Q4982607,,en:Charing Cross Hospital Medical School
193432693,way,The Broadway Health Centre,51.5111392,-0.3793441,,,,,,,,,,,,,hospital,,,yes,,,,,,,,,,,no,,,,,,,,,,,,,hospital,,,,,,,,,,,,,,,,,,,,,,,,,,,,,,,,,,,,,,,,,,,,,,,,,,,,,,,,
197910029,way,Victoria Hospital,51.5838151,0.1880023,,,,,,,,,,,,,hospital,,,,,,,,,,,,,,no,,,,,,,,,,,,,hospital,,,,,,,,,,,,,,,,,,,,,,,,,,,,,,,,,,,,,,,,,,,,,,,,,,,,,,,,
208072187,way,Millway Medical Practice,51.6155345,-0.2440094,London,,,,,,,NW7 2HX,Hartley Avenue,,,,hospital,,,yes,,,,,,,,,,,no,,,,,,,,,,,,,,,,,,,,,,,,,,,,,,,,,,,,,,,,,,,,,,,,,,,,,,,,,,,,,,,,,,,,,
222183797,way,St Bernards Hospital (West London Mental Health NHS Trust),51.5063644,-0.3471886,,,,,,,,,,,,,hospital,,,,,,,,,,,,,,,,,,,,,,,,,,,hospital,,,,,,,,,,,,,,,,,,,,,,,,,,,,,,,,,,,,,,,,,,,,,,,,,,,,,,,,
229290055,way,Cygnet Hospital,51.5672075,-0.3377958,Harrow,,,,,87,,HA1 3JL,London Road,,,,hospital,,,yes,,,,,,,,,,,no,,,,,,276726,,,,,,,,,,,,,,,,,,,,,,,,,,,,,,,,,,,,,,,,,,,,,,,,,FHRS Open Data,,,,,,,,,,,,,,
255439869,way,Queen Elizabeth Hospital,51.4778478,0.050258,London,,,,,,,SE18 4QH,Stadium Road,,,,hospital,,,,,,,,,,,,,,yes,,,,,,,,,,,,,hospital,,,,,,,,,,,,,,,,,,,,,,,,,,,,,,,+44 20 8836 6000,,,,,,,,,,,,,,,yes,,,,,,,yes,Q7270343,,
263728248,way,Coborn Centre for Adolescent Mental Health,51.5196806,0.0383924,London,,,,,,,E13 8SP,Cherry Tree Way,,,,hospital,,,yes,,,,,,,,,,,no,,,,,,,,,,,,,hospital,,,,,,,,,,,,,,,,,,,,,,,,,,,,,,,+44 20 7540 6789,,,,,,,,,,,,,,,,,,,,,https://www.elft.nhs.uk/camhs/where-we-work/coborn-centre-adolescent-mental-health,,,,
275414908,way,Unnamed Location,51.5837509,0.0290393,,,,,,,,,,,,,hospital,,,,,,,,,,,,,,no,,,,,,,,,,,,,hospital,,,,,,,,,,,,,,,,,,,boundary estimated,,,,,NHS,public,,Q918396,,,,,,,,,,,,,,survey,,,,,,,,,,,,,,,
277432734,way,King's College Hospital,51.4684289,-0.093654,London,,,,,,,SE5 9RS,Denmark Hill,,,,hospital,,,,,,,2026-03-07,,,,,,,yes,,no,,,,484055,,,,,,,hospital,,,,,,,,,,,,,,,,,,,,,,,,King's College Hospital NHS Foundation Trust,,,,,,,,,,,,,,,,,,FHRS Open Data,,,,,,,,,,https://www.kch.nhs.uk/,,Q1742181,,en:King's College Hospital
307058677,way,Unnamed Location,51.3775519,-0.0326756,,,,,,,,,,,,,hospital,,,,,,,,,,,,,,,,,,,,,,,,,,,hospital,,,,,,,,,,,,,,,,,,,,,,,,,,,,,,,,,,,,,,,,,,,,,,,,,,,,,,,,
315305511,way,Cygnet Hospital Ealing,51.5211547,-0.297186,London,,,,,,,W5 2HT,Corfton Road,,,,hospital,,,yes,,,,,,,,,,,,,,,,,,,,,,,,,,,,,,,,,,,,,,,,,,,,,,,,,,,,,,,,,,,12194892;12091760,,,,,,,,,,,,,,,,,,,,,
322546930,way,Spire London East,51.5872417,0.0436493,,,,,,,,,,,,,hospital,,,,,,,,,,,,,,,,,,,,,,,,,,,hospital,,,,,,,,,,,,,,,,,,,,,,Spire Roding Hospital,,,,,,,,,,,,,,,,,,,,,,,,,,,,,,https://www.spirehealthcare.com/roding/,,,,
326277354,way,John Howard Centre,51.5480322,-0.0391378,London,,,,,12,,E9 5TD,Kenworthy Road,,,Forensic Services Directorate,hospital,,,,,,,,,,,,,,,,,,,,,,,,,,,hospital,,psychiatry,,,,,,,,,,,,,,,,,,,,Hackney Hospital,,East London NHS Foundation Trust,public,,,,,,+44 20 8510 2003,,RWK60,RWK60,,,,,,,,,,,,,,,,,,,,,,
352120259,way,Harefield Hospital,51.6071139,-0.4852044,Uxbridge,GB,,,,,,UB9 6JH,Hill End Road,Harefield,,,hospital,,,,,,,,,,,,,,,,,,,,,,,,,,,hospital,,,,,,,,,,,,,,,,,,,,,,,,Guy's and St Thomas' NHS Foundation Trust,,,,,,,+44 1895 82 37 37,,,,,,,,,,,,,,,,,,,,,https://www.rbht.nhs.uk/,,Q5656797,,
402012627,way,Moorfields Eye Hospital (City Road campus),51.5272631,-0.0902151,,,,,,,,,,,,,hospital,,,,,,,,,,,,,,yes,,,,,,,,,,,,,hospital,,,,,,,,,,,,,,,,,,,,,,,,,,,,,,,,,RP601,RP601,,,,,,,,,,,,,,,,,,,,Q1946861,,en:Moorfields Eye Hospital
413948227,way,London Bridge Hospital,51.5061317,-0.0860403,London,,,,,,,SE1 2PR,Tooley Street,,,,hospital,,,,,,,,,,,,,,no,,,,,,,,,,,,,hospital,,,,,,,,,,,,,,,,,,,,,,,,,private,,,,,,,,,,,,,,,,,,,,,,,,,,,http://www.londonbridgehospital.com,yes,Q6669893,,en:London Bridge Hospital
420411264,way,Fitzrovia Hospital,51.5234772,-0.1404316,London,,,,Saint Luke's House,13-14,,W1T 6AH,Fitzroy Square,,,,hospital,,,yes,,,,,,,,,,,,,,,,,,,,,,,,hospital,,,,,,,,,,,,,,,,,,,private cosmetic surgery clinic,,,,,,,,,,,,,,1-20288364561;1-13740482832,,5196151;5196595,,,,,,,,,,,,,,,,,,,,,
440410278,way,University College Hospital,51.5248695,-0.1364433,London,GB,,,,235,,NW1 2BU,Euston Road,,,,hospital,,665,,,,,2025-02-25,,,+44 20 3456 7890,https://www.uclh.nhs.uk/,,,yes,,,,,,,,,,,,,hospital,,,,,,,,,,,,,,,,,,,,,,,,National Health Service (NHS),,,,,,,,,,RRV03,,,,,,UCH,,,,,1834,yes,,,,,,,yes,Q3551343,Category:University College Hospital,en:University College Hospital
444440630,way,Weymouth Street Hospital,51.5202358,-0.1505415,London,,,,,42-46,,W1G 6NP,Weymouth Street,,,,hospital,,,hospital,,,,,,,,,,,no,,,,,,,,,,,"Does this merit the tag 'hospital', i.e. it has in-patients?",,hospital,,,,,,,,,,,,,,,,,,,http://www.openstreetmap.org/note/726409,,,,,Phoenix Hospital Group,,,,,,,+44 20 7935 1200,,,,,,,,,,,,,,,,,,,,,https://www.weymouthstreethospital.com/,,Q20714162,,
448178927,way,Barking Community Hospital,51.5387903,0.0988176,Barking,,,,,,,IG11 9LX,Upney Lane,,,,hospital,,,,,,,,,,,,,,,,,,,,,,,,,,,hospital,,,,,,,,,,,,,,,,,,,,,,,,,,,,,,,+44 20 3644 2301,,,,,,,,,,,,,,,,,,,,,,,Q30292861,,
462240521,way,Saint Joseph London,37.1178832,-84.1087479,London,,,,,1001,,40741,Saint Joseph Drive,,,,hospital,,,,,,,,,,,,,,yes,,,,,,,,,,,,,hospital,,,,,,,,,,,,,,,,,,,,,,,24/7,KentuckyOne Health,,,,,,,+1 606 330 6000,,,,,,,,,,,,,,,,,,,,,https://www.kentuckyonehealth.org/saint-joseph-london,,,,
463924137,way,Cassel Hospital,51.4324112,-0.3090559,Richmond,,,,,1,,TW10 7JF,Ham Common,Ham,,,hospital,,,,,,,,,,,,,,,,,,,,1575152,,,,,,,hospital,,,,,,,,,,,,,,,,,,TW10 7JL,,,,,,West London NHS Trust,,https://www.westlondon.nhs.uk/our-services/adult/mental-health-services/cassel-hospital,,,,,,,,,,,,,,,,FHRS Open Data,,,,,,,,,,https://www.nhs.uk/services/hospitals/overview/defaultview.aspx?id=3086,,Q5049284,,en:Cassel Hospital
484298094,way,University Hospital Lewisham,51.4537809,-0.0179238,,,,,,,,,,,,,hospital,,,,,,,2022-10-16,,,,,,,yes,,,,,,,,,,,,,hospital,,,,,wlan,no,NHS WiFi,,,,,,,,,,,,,,,,24/7,,public,,,,,,,,RJ224,RJ224,,,,,,,survey,,,,,,,,,,,,yes,Q14956783,,en:University Hospital Lewisham
492083208,way,Highgate Mental Health Centre,51.5667363,-0.1425875,London,,,,,,,N19 5NX,Dartmouth Park Hill,,,,hospital,,,,,,,,,,,,,,yes,,,,,,,,,,,,,hospital,,,,,,,,,,,,,,,,,,,,,,,,Camden and Islington NHS Foundation Trust,,,,,,,,,,,,,,,,,,,,,,,,,,,,,,,,
497718283,way,Mildmay Mission Hospital,51.5277306,-0.0755805,London,,,,,19,,E2 7DZ,Tabernacle Gardens,,,Mildmay Hospital,hospital,,,hospital,,4,,,,,,,,,,,,,,,,,,,,,,hospital,,,,,,,,,,,,,,,,,,,,,,,,,,,,,,,,,1-2311760426,,,,,0,,,,,,,,,,,,,,https://www.mildmay.org/,yes,Q124749523,,en:Mildmay Mission Hospital
504129695,way,BMI Hendon Hospital,51.5937166,-0.2244096,,,,,,,,,,,,,hospital,,,,,,,,,,,,,,no,,,,,,,,,,,,,,,,,,,,,,,,,,,,,,,,,,,,,,,,,,,,,,,,,,,,,,,,,,,,,,,,,https://www.bmihealthcare.co.uk/hospitals/bmi-hendon-hospital,,,,
514349576,way,Nuffield Health Highgate Hospital,51.5766504,-0.1570546,London,,,,,17-19,,,View Road,,,,hospital,,,hospital,,,,,,,,,,hohig.enquiries@nuffieldhealth.com,,,,,,,,,,,,,,hospital,,,,,,,,,,,,,,,,,,,,,,,,Nuffield Health,private,,Q7068711,,,,+44 20 8341 4182,,,NYW03,,,,,,,,,,,,,,,,,,https://www.nuffieldhealth.com/hospitals/highgate,,Q28404470,,
540185923,way,Renal Dialysis Unit,51.4011388,0.014417,Bromley,GB,,,,1-3,,BR1 1HX,Ringers Road,,,,hospital,,,,,,,,,,,,,,,,,,,,,,,,,,,hospital,,renal,,,,,,,,,,,,,,,,,,020 3299 7510,,,,NHS Kings@Bromley,,,,,,,,,,,,,,,,,,,,,,,,,,,,,,,,
548533106,way,Great Ormond Street Hospital for Children,51.5224739,-0.1204028,London,GB,,,,,,WC1N 3JH,Great Ormond Street,,,,hospital,,,,,,,,,,,http://www.gosh.nhs.uk/,,,,,,,,,,,,,,,,hospital,,,,,,,,,,,,,,,,,,,,,,,,Great Ormond Street Hospital for Children NHS Foundation Trust,public,,Q19873658,,,,,,RP401,RP401,,,,,,,,,,,,,,,,,,,,Q1349705,Category:Great Ormond Street Hospital,en:Great Ormond Street Hospital
581607863,way,Princess Royal University Hospital,51.3662017,0.0580564,Orpington,,,,,,,BR6 8ND,Farnborough Common,,,,hospital,,,,,,,,,,,,,,yes,,,,,,,,,,,,,hospital,,,,,,,,,,,,,,,,,,,,,,,,King's College NHS Foundation Trust,,,,,,,+44 1689 863000,,,,,,,,,,,,,,,,,,,,,https://pruh.kch.nhs.uk/,yes,Q7244808,,
591570712,way,Blackheath Hospital,51.4634313,0.0067008,London,,,G,,40-42,,SE3 9UD,Lee Terrace,,,,hospital,,,,,,,2026-01-11,,,,,,,,,,,,,1599430,,FR/000006840,,,,,hospital,,,,,,,,,0,,,,,,,,,,,,,,,Circle Health Group Limited,private,,,yes,yes,yes,,,1-128758547,,,,,,,,,FHRS Open Data,,,,,,,,,,https://www.circlehealthgroup.co.uk/hospitals/the-blackheath-hospital,,,,
640495338,way,Royal London Hospital,51.5174467,-0.0599244,London,,,,,,,E1 1BB,Whitechapel Road,,,,hospital,,,,,,,,,,,,,,yes,,,,,,100125,,,,,,,hospital,,,,,,,,,,,,,,,,,,,,,,,,Barts Health NHS Trust,,,,,,,,,R1H12,R1H12,,,,,,,,,,,,,,,,,,,,Q7374421,,en:Royal London Hospital
654480339,way,Erith and District Hospital,51.4769611,0.1667663,,,,,,,,,,,,,hospital,,,,,,,,,,,,,,,,,,,,,,,,,,,hospital,,,,,,,,,,,,,,,,,,,The boundary is subject to checking/improvement,,,,,,,,,,,,,,,,,,,,,,,,,,,,,,,,,,,Q30293058,,
660411791,way,The Portland Hospital Consulting Suite,51.5228041,-0.1442135,London,,,,,205-207,,,Great Portland Street,,,,hospital,,,hospital,,7,,2023-08-12,,,,,,,,,,,,,,,,,,,,hospital,,,,,,,,,,,,,,,,,,,,,,,,,,,,,,,,,,,,,,,,,,,,,,,,,,,,,,,,
669882382,way,Privé Clinics,51.5186684,-0.1464769,London,GB,,,Privé Clinics,40,,W1G 9PP,Harley Street,,,,hospital,,,,,34,,,,,,,"Welcome to Privé Clinics, where we believe you deserve nothing but the best. Your health is our priority. We are a sanctuary where a team of practitioners come together to provide you with dental and medical services in a calm and welcoming environment.",,,,,,,,,,,,,,,hospital,,,,,,,,,,,,,,,,,,,,,,,,,,,,,,,,,,,10033652092,,,,,,,,,,,,,,,,,https://priveclinics.com/,,,,
670848153,way,Queen Anne Street Medical Centre,51.5182104,-0.1470993,London,,,,,18-22,,,Queen Anne Street,,,,hospital,,,yes,,,,,,,,,,,,,,,,,,,,,,,,hospital,,,,,,,,,,,,,,,,,,,,,,,,,,,,,,,,,1-19458919324,,,,,,,,,,,,,,,,,,,https://qasmc.com/,,,,
688880323,way,Nightingale Hospital,51.5218142,-0.1652215,London,,,,,,,,Lisson Grove,,,,hospital,,,,,,,2024-04-04,,,,,,,,,,,,,,,,,,,,hospital,,psychiatry,,,,,,,,,,,,,,,,,,,,,,,,,,,,,,,,,,,,,,,,,,,,,,,,,,https://www.nightingalehospital.co.uk/,,Q60746347,,
699934188,way,Hospital of St John and St Elizabeth,51.5332691,-0.1749786,London,,,,,60,,,Grove End Road,,,,hospital,,,,,,,,,,,,,,,,,,,,,,,,,,,hospital,,,,,,,,,,,,,,,,,,,,,,,,,,,,,,,,,,,,,,,,,,,,,,,,,,,,https://www.hje.org.uk/,,Q5908758,,en:Hospital of St John and St Elizabeth
707322577,way,Guy's Hospital,51.5032347,-0.0868297,London,,,,,,,SE1 9RT,Great Maze Pond,,,,hospital,,,,,,,,,,,,,,no,,,,,,,,,,,,,hospital,,,,,,,,,,,,,مستشفى غاي,,,,,,,,,,,Guy's and St Thomas' NHS Foundation Trust,,,,,,,+44 20 7188 7188,,,,,,,,,,,,,,,,,,,,,https://www.guysandstthomas.nhs.uk/,,Q777039,,en:Guy's Hospital
713671496,way,Memorial Hospital,51.4677752,0.063508,London,,,,,,,SE18 3RG,Shooters Hill,Woolwich,,,hospital,,,,,,,,,,,,,,,,,,,,,,,,,,,hospital,,,,,,,,,,,,,,,,,,,,,,,,,,,,,,,+44 20 8836 8500,,,,,,,,,,,,,,,,,,,,,https://www.nhs.uk/Services/hospitals/Overview/DefaultView.aspx?id=2324,,Q23891198,,
727431875,way,Unnamed Location,51.4211265,-0.0785948,,,,,,,,,,,,,hospital,,,,,,,,,,,,,,,,,,,,,,,,,,,hospital,,,,,,,,,,,,,,,,,,,,,,,,,,,,,,,,,,,,,,,,,,,,,,,,,,,,,,,,
739842961,way,St. Joseph's Hospital,43.0007064,-81.2546061,London,,,,,268,,N6A 4V2,Grosvenor Street,,,,hospital,,,,,,,,,,,,,,no,,,,,,,,,,,,,hospital,,,,,,,,,,,,,,,,,,,,,,,,St. Joseph's Health Care London,,,,,,,,,,,,,,,,,,,,,,,,yes,,,,,,Q30280988,,
749105042,way,Parkwood Institute,42.954712,-81.2262207,London,,,,,550,,N6C 0A7,Wellington Road,,,,hospital,,,,,,,,,,,,,,no,,,,,,,,,,,,,hospital,,,,,,,,,,,,,,,,,,,,,,,,St. Joseph's Health Care London,,,,,,,,,,,,,,,,,,,,,,,,,,,,,,,,
749105487,way,Victoria Hospital,42.9605251,-81.2254879,London,,,,,800,,N6A 5W9,Commissioners Road East,,,,hospital,,,,,,,,,,,,,,yes,,,,,,,,,,,,,hospital,,,,,,,,,,,,,,Victoria Hospital,hôpital Victoria,,,,,,,,24/7,London Health Sciences Centre,,,Q6670463,,,,+1-519-685-8500,,,,,,,,,,,,,,,,,,,,,https://www.lhsc.on.ca/about-lhsc/victoria-hospital-childrens-hospital-0,,Q7926783,File:Victoria Hosp London ON Rc 2481.jpg,"en:Victoria Hospital (London, Ontario)"
749120077,way,University Hospital,43.0130114,-81.2748105,London,,,,,339,,N6G 2V4,Windermere Road,,,,hospital,,,,,,,,,,,,,,yes,,,,,,,,,,,,,hospital,,,,,,,,,,,,,,,,,,,,,,,,London Health Sciences Centre,,,,,,,,,,,,,,,,,,,,,,,,,,,,,,Q7894761,,
780482089,way,Goodmayes Hospital,51.5773934,0.1112317,Ilford,GB,,,,,,IG3 8XJ,Barley Lane,,,,hospital,,,,,,,,,,,,,,,,,,,,,,,,,,,hospital,,,,,,,,,,,,,,,,,,,,,,,,North East London NHS Foundation Trust,,,,,,,,,,RATGM,,,,,,,,,,,,,,,,,,,,Q30293120,,en:Goodmayes Hospital
818779914,way,Royal Free Hospital,51.5530202,-0.1654575,London,,,,,,,NW3 2QG,Pond Street,,,,hospital,,,,,,,2024-01-15,,,,,,,yes,,,,,,,,,,,,,hospital,,,,,,,,,,,,,,,,,,,,,,,24/7,Royal Free London,,,,,,,+44 20 7794 0500,,,,,Royal Free,,,,RFH,OS;Bing,,,,,,,,,,,https://www.royalfree.nhs.uk/our-locations/royal-free-hospital,yes,Q7374196,,en:Royal Free Hospital
821710065,way,Cromwell Hospital,51.4952203,-0.1911413,London,,,,,164-178,,,Cromwell Road,,,,hospital,,,,,,,,,,,,,,,,,,,,,,,,,,,hospital,,,,,,,,,,,,,,,,,,,,,,,,BUPA,private,,,,,,+44 20 7460 5700,,,,,,,,,,,,,,,,,,Bupa Cromwell Hospital,,,https://www.cromwellhospital.com/,,Q5187669,,en:Cromwell Hospital
833201881,way,University College Hospital at Westmoreland Street,51.5196063,-0.1496613,London,,,,,16-18,,W1G 8PH,Westmoreland Street,,,,hospital,,,,,,,,,,,,,,no,,,,0,0,428160,,01609/0016/0/000,5,5,,,hospital,,,,,,,,,,,,,,,,,,,,,,,,University College London Hospitals NHS Foundation Trust,,,,,,,,,,,,,,,,,,FSA Food Hygiene Ratings Database,,FSA Food Hygiene Ratings Database,,,,,,,,,yes,Q7739155,,
839142057,way,Royal Marsden Hospital,51.3442848,-0.1912482,,,,,,,,,,,,,hospital,,,,,,,,,,,,,,,,,,,,,,,,,,,hospital,,,,,,,,,,,,,,,,,,,,,,,,,,,,,,,,,,,,,,,,,,,,,,,,,,,,https://www.royalmarsden.nhs.uk/,,,,
855389355,way,Teddington Memorial Hospital,51.4256938,-0.3410941,Teddington,,,,Teddington War Memorial Hospital,,,TW11 0JL,Hampton Road,,,,hospital,,,,,,,2024-11-10,,,,,,,no,,,,,,,,,,,,,hospital,,radiology;diagnostic_radiology;general;community;diabetology;gynaecology;paediatrics,,,,,,,,,,,,,,,,,,,,,,,public,,,,,,,,,,,,,,,,survey,FHRS Open Data,,,,,,,,,,,yes,Q17022101,,
860476845,way,Beckenham Beacon,51.4051958,-0.0330035,,,,,,,,,,,,,hospital,,,,,,,,,,,,,,,,,,,,,,,,,,,hospital,,,,,,,,,,,,,,,,,,,,,,,,,,,,,,,,,,,,,,,,,,,,,,,,,,,,,,Q4878645,,
863316715,way,Nuffield Health Cancer Centre London,51.4338573,-0.2237476,,,,,,,,,,,,,hospital,,,,,,,,,,,,,,,,,,,,,,,,,,,hospital,,,,,,,,,,,,,,,,,,,,,,,,,,,,,,,,,,,,,,,,,,,,,,,,,,,,,,,,
863401259,way,St. George's Health & Wellbeing Hub,51.5487002,0.2190364,Hornchurch,,,,,113,,RM12 6RR,Suttons Lane,,,,hospital,,,,,,,,,,,,,,no,,,,,,,,,,,,,hospital,,community;general;blood_check;maternity;medical_imaging;geriatrics,,,,,,,,,,,,,,,,,,,,,,NHS,public,,Q918396,,,,,,,,,,,,,,https://www.nhs.uk/services/hospital/st-georges-health-and-wellbeing-hub/P8E7P,,,,,,,,,,,,,,,
868274062,way,Cygnet Hospital Beckton,51.513611,0.0647023,London,,,,,23,,E6 6ZB,Tunnan Leys,,,,hospital,,,,,,,,,,,,,,,,,,,,849348,,,,,,,hospital,,,,,,,,,,,,,,,,,,,,,,,,,,,,,,,,,1-130471820,,,,,,,,,,,,,,,,,,,,,,,
872044524,way,New Victoria Hospital,51.4157617,-0.2541802,Kingston upon Thames,,,,,184,,KT2 7EG,Coombe Lane West,,,,hospital,,,,,,,,,,,,,,no,,,,,,,,,,,,,hospital,,,,,,,,,,,,,,,,,,,,,,,,,private_non_profit,,,,,,,,,,,,,,,,,,,,,,,,,,,https://www.newvictoria.co.uk/,,,,
881918254,way,Chelsea and Westminster Hospital,51.4843905,-0.1814395,London,,,,,369,,SW10 9NH,Fulham Road,,,,hospital,,,,,,,,,,,,,,yes,,,,,,,,,,,,,hospital,,,,,,,,,,,,,,,,,,,,,,,,,,,,,,,,,,,,,,,,,,,,,1993,,,,,,,https://www.chelwest.nhs.uk/,,Q5090151,,en:Chelsea and Westminster Hospital
888717352,way,Royal Brompton Hospital,51.4899939,-0.1741702,London,,,,,,,,Fulham Road,,,,hospital,,,,,,,,,,,,,,,,,,,,,,,,,,,hospital,,,,,,,,,,,,,,,,,,,,,,,,,,,,,,,,,,,,,,,,,,,,,,,,,,,,,,Q7373850,,en:Royal Brompton Hospital
902050280,way,King George Hospital,51.5802535,0.1112641,Ilford,,,,,,,IG3 8YB,Barley Lane,,,,hospital,,,,,,,,,,,,,,yes,,,,,,,,,,,,,hospital,,,,,,,,,,,,,,,,,,,,,,,,,,,,,,,,,,RF4DG,,,,,,,,,,,,,,,,,,,,Q6411611,,
904874618,way,Eltham Community Hospital,51.4492355,0.0537202,,,,,,,,,,,,,hospital,,,hospital,,,,,,,,,,,,,,,,,,,,,,,,hospital,,,,,,,,,,,,,,,,,,,,,,,,,,,,,,,,,,,,,,,,,,,,,,,,,,,,https://www.nhs.uk/services/hospital/eltham-community-hospital/RPGHP,,Q105376589,,
912368818,way,Queen Charlotte's & Chelsea Hospital,51.5163849,-0.2373413,London,,,,,,,W12 0HS,Du Cane Road,,,,hospital,,,hospital,,5,,2024-01-28,,,,,,,,,,,,,,,,,,,,hospital,,,,,wlan,no,,,,,,,,,,,,,,,,,,,,,,,,,+44 20 3313 1111,,,,,,,,,,,,,,,,,,,,,https://www.imperial.nhs.uk/our-locations/queen-charlottes-and-chelsea-hospital,,Q7270242,,
926396835,way,Noah's Ark Children's Hospice,51.6581205,-0.2148715,,,,,,,,,,,,,hospital,,,,,,,,,,,,,,,,,,,,,,,,,,,hospital,,paediatrics,,,,,,,,,,,,,,,,,,,,,,,,,,,,,,,,,,,,,,,,,,,,,,,,,,,yes,,,
988525443,way,The Doctors Laboratory,51.5280288,-0.1280407,London,,,,The Halo Building,1,,,Mabledon Place,,,,hospital,,,office,,,,2025-06-18,,,,,,,no,,,,,,,,,,,,,hospital,,pathology,,,,,,,,,,,,,,,,,,,,,,The Doctors Laboratory Limited,,,,,,,,,1-5588555895,,,,,,,,,,,,,,,,,,,https://www.tdlpathology.com/,,,,
1043104661,way,The Cavell Hospital,51.6590735,-0.1019474,,,,,,,,,,,,,hospital,,,,,,,,,,,,,,no,,,,,,,,,,,,,hospital,,,,,,,,,,,,,,,,,,,,,,,,,,,,,,,,,1-128758601,,,,,,,,,,,,,,,,,,,,,,,
1113340300,way,Royal National ENT and Eastman Dental Hospitals,51.5225494,-0.1345308,London,,,,,47-49,,WC1E 6DG,Huntley Street,,,,hospital,,,,,,,2023-09-13,,,,,,,no,,,,,,,,,,,,,hospital,,ear_nose_throat;dentistry,,,wlan,,,,,,,,,,,,,,New location of the Royal National ENT and Eastman Dental Hospitals. Some services will remain at Gray's Inn Road until 2020 but this is now open and the primary location.,,,,,University College Hospitals,public,,,,,,+44 20 3456 7890,,RRVP5,RRVP5,,,,,,,,,,,,,,,,,,https://www.uclh.nhs.uk/OurServices/OurHospitals/RNTNE/Pages/Home.aspx,,,,
1114959175,way,Macmillan Cancer Centre,51.5231171,-0.1352014,London,,,,,,,WC1E 6AG,Huntley Street,,,,hospital,,,,,,,,,,,,,,no,,,,,,,,,,,,,hospital,,oncology;chemotherapy;Haematology;surgical_oncology,,,,,,,,,,,,,,,yes,,,,,,,University College Hospitals,,,,,,,,,,,,,,,,,,,,,,,,,,,,,,,,
1120163062,way,Unnamed Location,51.5211636,-0.2971478,,,,,,,,,,,,,hospital,,,,,,,,,,,,,,,,,,,,,,,,,,,hospital,,,,,,,,,,,,,,,,,,,,,,,,,,,,,,,,,,,,,,,,,,,,,,,,,,,,,,,,
1157931537,way,Baring Road Medical Centre,51.435425,0.0194302,London,,,,Baring Road Medical Centre,282,,SE12 0DS,Baring Road,Grove Park,,,hospital,,,,,3,,,,,,,,,,,,,,,,,,,,,,hospital,,colposcapy,,,,,,,,,,,,,,,,,Colposcopy Clinic,,,,,NHS,,,Q918396,,,,+44 20 8857 5682,,,,,,,,,,,,,,,,,,,,,,,,,
1164672572,way,Springfield University Hospital,51.4369882,-0.1707934,London,,,,Trinity Building,15,,SW17 0YF,Springfield Drive,,,,hospital,,,,,,,,,,,,,ContactCentreSPH@swlstg.nhs.uk,,,,,,,,,,,,,,hospital,,mental_health_services,,,,,,,,,,,,,,,,,,,,,,NHS,public,,Q918396,,,,+44 20 3513 5000,,,,,,,,,,,,,,,,,,,,,,,,,
1194334017,way,Hayes Priory,51.3729673,0.0146574,Bromely,,Kent,,Priory Hospital Hayes Grove,,,BR2 7AS,Prestons Road,,Hayes,,hospital,,,yes,,,,,hayesgrove@priorygroup.com,,+44 20 8462 7722,,,,,,,,,,,,,,,,,hospital,,,,,,,,,,,,,,,,,,,,,,,,Priory,private,,,,,,,,,,,,,,,,,,,,,,,,,,,https://www.priorygroup.com/locations/priory-hospital-hayes-grove,,,,
1211579585,way,FKS Hair Clinic,51.4749263,-0.1944238,London,,,,,109,,SW6 4SJ,New King's Road,,,,hospital,,,,,,,,,https://www.facebook.com/fkshairclinic/,,,London's Best Hair Transplant Clinic,info@fksclinic.co.uk,,,,,,,,,,,,,,hospital,,plastic_surgery;transplant,,https://www.fksclinic.co.uk/wp-content/uploads/2024/10/fks-clinic-768x576.webp,yes,,,,,,,+44 7444 919835,,,,,,,,,,,Mo-Sa 08:00-18:00,,,,,,,,,,,,,,,,,,,,,,,,,,,,,https://www.fksclinic.co.uk,,,,
1217422518,way,Orpington Hospital,51.3624785,0.0947953,,,,,,,,,,,,,hospital,,,,,,,,,,,,,,,,,,,,,,,,,,,,,,,,,,,,,,,,,,,,,,,,,,,,,,,,,,,,,,,,,,,,,,,,,,,,,,,,,Q30292829,,
1306349223,way,Jane Atkinson Health and Wellbeing Centre,51.5908869,-0.0070046,London,,,,,714,,E17 3HP,Forest Road,,,,hospital,,,,,,,2025-05-26,,,,,,,no,,,,,,,,,,,,,hospital,,psychiatry,,,,,,,,,,,,,,,,,,,,,,North East London NHS Foundation Trust,public,,,,,,,,,RATTH,,,,,,,,,,,,,,,,Q7796687,en:Thorpe Coombe Hospital,https://www.nelft.nhs.uk/jane-atkinson-health-wellbeing-centre/,,,,
1390491265,way,National Hospital for Neurology and Neurosurgery,51.5221919,-0.1224733,London,,,,,,,WC1N 3BG,Queen Square,,,,hospital,,,,,,,,,,,,,,no,,,,,,,,,,,,,hospital,,,,,,,,,,,,,,,,,,,,,,,,NHS,public,,Q918396,,,,+44 20 3456 7890,,RRVNQ,RRVNQ,,,,,,,,,,,,yes,,,,,,https://www.uclh.nhs.uk/ourservices/ourhospitals/nhnn/Pages/Home.aspx,yes,Q3336892,Category:National Hospital for Neurology and Neurosurgery,en:National Hospital for Neurology and Neurosurgery
1390491266,way,Royal London Hospital for Integrated Medicine,51.5217696,-0.1214747,,,,,,,,,,,,,hospital,,,,,,,,,,,,,,,,,,,,,,,,,,,hospital,,,,,,,,,,,,,,,,,,,,,,Royal Homeopathic Hospital,,,,,,,,,,,RRV60,RRV60,,,,,,,,,,,,,,,,,,https://www.uclh.nhs.uk/ourservices/ourhospitals/rlhim/Pages/Home.aspx,yes,Q7374417,Category:Royal London Homeopathic Hospital,en:Royal London Hospital for Integrated Medicine
1416702354,way,Unnamed Location,51.4307807,-0.3395572,,,,,,,,,,,,,hospital,,,,,,,,,,,,,,,,,,,,,,,,,,,hospital,,,,,,,,,,,,,,,,,,,,,,,,NHS,public,,Q918396,,,,,,,,,,,,,,,,,,,,,,,,,,,,,
1432555189,way,The London Independent Hospital,51.5202134,-0.0470464,London,GB,,,,1,Stepney Green,E1 4NL,Beaumont Square,,,,hospital,,,,,,,,,,+44 20 7780 2400,https://www.bmihealthcare.co.uk/hospitals/bmi-the-london-independent-hospital,,,,,,,,,41389,,,,,,,hospital,,,,,,,,,,,,,,,,,,,,,,,,Circle Health Group,private,,,,,,,,1-128766965,NT422,,,,,,,,,,,,,,,,,,,,,,
1458084061,way,Unnamed Location,51.411925,-0.1251287,London,,,,Fairview Medical Center,69,,SW16 5PX,Fairview Road,Norbury,,,hospital,,,,,,,,,,,,,,,,,,,,,,,,,,,hospital,,,,,,,,,,,,,,,,,,,,,,,,NHS,public,,Q918396,,,,+442087658525,,,,,,,,,,,,,,,,,,,,,https://www.fairviewmedicalcentre.co.uk/,,,,
1477757914,way,Tessa Jowell Health Centre,51.459283,-0.0805327,,,,,,,,,,,,,hospital,,,,,,,,,,,,,,,,,,,,,,,,,,,hospital,,,,,,,,,,,,,,,,,,,,,,,,NHS,public,,Q918396,,,,,,,,,,,,,,,,,,,,,,,,,,,,,
1204745,relation,Wembley Centre for Health & Care,51.5500864,-0.3059305,,,,,,,,,,,,,hospital,,,yes,,,,,,,,,,,,,,,,,,,,,,,,,,,,,,,,,,,,,,,,,,,,,,,,,,,,,,,,,,,,,,,,,OS,,,,,,multipolygon,,,,,,,,,
1204747,relation,Unnamed Location,51.5501205,-0.3045693,,,,,,,,,,,,,hospital,,,yes,,,,,,,,,,,,,,,,,,,,,,,,,,,,,,,,,,,,,,,,,,,,,,,,,,,,,,,,,,,,,,,,,OS,,,,,,multipolygon,,,,,,,,,
1205172,relation,The Clementine Churchill Hospital,51.5650798,-0.3322955,,,,,,,,,,,,,hospital,,,yes,,,,,,,,,,,,,,,,,,,,,,,,hospital,,,,,,,,,,,,,,,,,,,,,,,,BMI,private,,,,,,,,,,,,,,,,OS;local knowledge,,,,,,multipolygon,,,,,,,,,
1333891,relation,Clayponds Hospital,51.4951007,-0.2986011,,,,,,,,,,,,,hospital,,,yes,,,,,,,,,,,,,,,,,,,,,,,,,,,,,,,,,,,,,,,,,,,,,,,,,,,,,,,,,,,,,,,,,,,,,,,multipolygon,,,,,,,,,
3542120,relation,Newham Centre for Mental Health,51.5202848,0.0388136,London,,,,,,,E13 8SP,Cherry Tree Way,Plaistow,,,hospital,,,yes,,,,,,,,,,,no,,,,,,,,,,,,,hospital,,,,,,,,,,,,,,,,,,,,,,,,East London NHS Foundation Trust,,,,,,,,,RWK46,,10012837041,,,,,,,,,,,,multipolygon,,,,,https://www.elft.nhs.uk/services/newham-centre-mental-health,,,,
3641021,relation,City & Hackney Centre for Mental Health,51.5503279,-0.0444111,,,,,,,,,,,,,hospital,,,hospital,,2,,,,,,,,,,,,,,,,,,,,,,hospital,,,,,,,,,,,,,,,,,yes,,,,Adult Mental Health Services - City and Hackney Directorate,,,,,,,,,,,,RWK62,,,,,0,quadruple_saltbox,,,,,,,,multipolygon,,,,,,,,,
8286235,relation,Maudsley Hospital,51.4690387,-0.0902554,London,,,,,,,SE5 8AZ,Denmark Hill,,,,hospital,,,,,,,,,,,,,,no,,,,,,,,,,,,,hospital,,psychiatry,,,,,,,,,,,,,,,,,,,,,,South London and Maudsley NHS Foundation Trust,,,,,,,+44 20 3228 6000,,,,,,,,,,,,,,,,multipolygon,,,,,https://www.slam.nhs.uk/,,Q6792344,,en:Maudsley Hospital
10286924,relation,London Clinic,51.5229039,-0.1499741,London,,,,,20,,W1G 6BW,Devonshire Place,,,,hospital,,,,,,,,,,,,,,,,,,,,,,,,,,,hospital,,,,,,,,,,,,,,,,,,,,,,,,,,,,,,,,,,,,,,,,,OS,,,,,,multipolygon,,,,,https://www.thelondonclinic.co.uk/,,Q14996990,,en:The London Clinic
11620516,relation,The Priory,51.4622574,-0.2516039,London,,,,The Roehampton Priory Hospital,,,SW15 5JJ,Priory Lane,,,,hospital,,,,,,,,,,,,,,no,,,,,,1572541,,,,,,,hospital,,,,,,,,,,,,,,,,,,,,,,,,,,,,,,,,,,,,,,,,,,FHRS Open Data,,,,,multipolygon,,,,,,,Q7245500,,
